<?xml version="1.0" encoding="UTF-8"?>
<!DOCTYPE manifesto SYSTEM "file:/home/joao/Desktop/Web/manifesto/mani.dtd">
<manifesto>
  <meta>
    <id>
      WEB2018-TP7-a79073
    </id>
    <titulo>
      Manifesto para o TP7 da UC Desenvolvimento Aplicações WEB 2018
    </titulo>
    <dataf>
      06-11-2018
    </dataf>
    <supervisor>
      <nome>
        José Carlos Ramalho
      </nome>
      <email>
        jcr@di.uminho.pt
      </email>
      <website>
        http://www4.di.uminho.pt/~jcr/
      </website>
    </supervisor>
  </meta>
  
  <equipa>
    <membro>
      <nome>João Pedro Carvalho</nome>
      <email>a79073@alunos.uminho.pt</email>
      <id>a79073</id>
      <website>https://github.com/JCarvalho29/AppWeb18</website>
    </membro>
  </equipa>
  
  <resumo>
    <para>Neste trabalho prático foi-nos pedido que fizessemos um servidor usando express que recebesse e guardasse qualquer tipo de ficheiros para posteriormente os poder servir a um cliente. O uso de express como middleware simplificou a sintax do servidor e este tornou-se mais fácil de compreender. Também nos foi proposto fazermos o website apenas numa página, tendo um input onde se pode escolher um ficheiro e adicionar uma decrição para enviar para o servidor. Em baixo estará uma lista de todos os ficheiros já enviados e a sua respetiva descrição. Se o cliente carregar no nome de um ficheiro (que será um link) este será apresentado no browser, por exemplo no caso de uma imagem, ou feito o download do ficheiro, como o caso de ficheiros zip. De forma a usar a função next que pode ser usada com o express decidi fazer um passo inicial (f1) que adiciona ao resultado a tag head usando de seguida a função next(). Se o pedido for o da página inicial, o app.get de '/' servirá de segunda função(segunda função do encadeamento, f2), o que quer dizer que o resultado (res) já contem a Head com informação e não é necessário preencher. Se se tratar de um pedido POST quer dizer que foi recebido um ficheiro e a sua descrição e que é necessário que estes sejam adicionado à lista de ficheiros e guardados. Os ficheiros são guardados numa pasta chamada Uploaded_Files. No fim deste processamento o cliente é redirecionado novamente para a página principal ('/'). Caso o servidor receber um pedido onde o método seja GET e este se refira a um pedido de um ficheiro (url = /Uploaded_Files/[nome]), este vai ser "recebido" por uma cláusula (app.get) onde uso uma expressão regular que testa a presença de Uploaded_Files no url e coloca o nome do ficheiro no caminho certo para o mesmo. Uso o sendFile para tratar do envio do ficheiro para o cliente.</para>
  </resumo>
  
  <resultados>
    <resultado url="manifesto-tp7.xml">XML do manifesto relativo ao trabalho prático 7</resultado>
    <resultado url="form-ficheiro.pug">Ficheiro pug relativo à página inicial</resultado>
    <resultado url="layout.pug">Ficheiro pug relativo ao layout</resultado>
    <resultado url="erro.pug">Ficheiro pug relativo à página de erro</resultado>
    <resultado url="server-upload-ficheiros.js">Ficheiro nodejs do servidor de upload de ficheiros</resultado>
  </resultados>
</manifesto>