[
    {
        "codigo": "150.10.001",
        "titulo": "Definição de políticas globais",
        "id": "http://jcr.di.uminho.pt/m51-clav#c150.10.001"
    },
    {
        "codigo": "150.10.100",
        "titulo": "Definição de políticas setoriais",
        "id": "http://jcr.di.uminho.pt/m51-clav#c150.10.100"
    },
    {
        "codigo": "150.10.200",
        "titulo": "Elaboração de instrumentos de ordenamento territorial e da promoção do desenvolvimento de âmbito nacional",
        "id": "http://jcr.di.uminho.pt/m51-clav#c150.10.200"
    },
    {
        "codigo": "150.10.300",
        "titulo": "Elaboração de instrumentos de ordenamento territorial e da promoção do desenvolvimento de âmbito regional",
        "id": "http://jcr.di.uminho.pt/m51-clav#c150.10.300"
    },
    {
        "codigo": "150.10.400",
        "titulo": "Elaboração de instrumentos de ordenamento territorial e da promoção do desenvolvimento de âmbito municipal e intermunicipal",
        "id": "http://jcr.di.uminho.pt/m51-clav#c150.10.400"
    },
    {
        "codigo": "150.10.500",
        "titulo": "Elaboração de instrumentos de cooperação interinstitucional",
        "id": "http://jcr.di.uminho.pt/m51-clav#c150.10.500"
    },
    {
        "codigo": "150.10.501",
        "titulo": "Negociação e celebração de acordos de concertação social",
        "id": "http://jcr.di.uminho.pt/m51-clav#c150.10.501"
    },
    {
        "codigo": "150.10.600",
        "titulo": "Avaliação de políticas e instrumentos de operacionalização",
        "id": "http://jcr.di.uminho.pt/m51-clav#c150.10.600"
    },
    {
        "codigo": "150.10.601",
        "titulo": "Caracterização de entidades para apoio à definição de políticas",
        "id": "http://jcr.di.uminho.pt/m51-clav#c150.10.601"
    },
    {
        "codigo": "150.10.700",
        "titulo": "Reunião de órgãos deliberativos",
        "id": "http://jcr.di.uminho.pt/m51-clav#c150.10.700"
    },
    {
        "codigo": "150.10.701",
        "titulo": "Reunião de órgãos executivos",
        "id": "http://jcr.di.uminho.pt/m51-clav#c150.10.701"
    },
    {
        "codigo": "150.10.702",
        "titulo": "Reunião de órgãos e estruturas operacionais e de aconselhamento",
        "id": "http://jcr.di.uminho.pt/m51-clav#c150.10.702"
    }
]