[
    {
        "codigo": "150.10.001",
        "tipoRel": "http://jcr.di.uminho.pt/m51-clav#eCruzadoCom",
        "titulo": "Definição de políticas globais",
        "id": "http://jcr.di.uminho.pt/m51-clav#c150.10.001"
    },
    {
        "codigo": "150.10.100",
        "tipoRel": "http://jcr.di.uminho.pt/m51-clav#eCruzadoCom",
        "titulo": "Definição de políticas setoriais",
        "id": "http://jcr.di.uminho.pt/m51-clav#c150.10.100"
    },
    {
        "codigo": "150.10.200",
        "tipoRel": "http://jcr.di.uminho.pt/m51-clav#eCruzadoCom",
        "titulo": "Elaboração de instrumentos de ordenamento territorial e da promoção do desenvolvimento de âmbito nacional",
        "id": "http://jcr.di.uminho.pt/m51-clav#c150.10.200"
    },
    {
        "codigo": "150.10.300",
        "tipoRel": "http://jcr.di.uminho.pt/m51-clav#eCruzadoCom",
        "titulo": "Elaboração de instrumentos de ordenamento territorial e da promoção do desenvolvimento de âmbito regional",
        "id": "http://jcr.di.uminho.pt/m51-clav#c150.10.300"
    },
    {
        "codigo": "150.10.400",
        "tipoRel": "http://jcr.di.uminho.pt/m51-clav#eCruzadoCom",
        "titulo": "Elaboração de instrumentos de ordenamento territorial e da promoção do desenvolvimento de âmbito municipal e intermunicipal",
        "id": "http://jcr.di.uminho.pt/m51-clav#c150.10.400"
    },
    {
        "codigo": "150.10.501",
        "tipoRel": "http://jcr.di.uminho.pt/m51-clav#eCruzadoCom",
        "titulo": "Negociação e celebração de acordos de concertação social",
        "id": "http://jcr.di.uminho.pt/m51-clav#c150.10.501"
    },
    {
        "codigo": "150.20.001",
        "tipoRel": "http://jcr.di.uminho.pt/m51-clav#eCruzadoCom",
        "titulo": "Preparação de regras e orientações internas",
        "id": "http://jcr.di.uminho.pt/m51-clav#c150.20.001"
    },
    {
        "codigo": "150.20.101",
        "tipoRel": "http://jcr.di.uminho.pt/m51-clav#eCruzadoCom",
        "titulo": "Planeamento estratégico de atividades",
        "id": "http://jcr.di.uminho.pt/m51-clav#c150.20.101"
    },
    {
        "codigo": "150.20.200",
        "tipoRel": "http://jcr.di.uminho.pt/m51-clav#eCruzadoCom",
        "titulo": "Planeamento de necessidades de recursos humanos",
        "id": "http://jcr.di.uminho.pt/m51-clav#c150.20.200"
    },
    {
        "codigo": "150.20.203",
        "tipoRel": "http://jcr.di.uminho.pt/m51-clav#eCruzadoCom",
        "titulo": "Acompanhamento de criação de entidades",
        "id": "http://jcr.di.uminho.pt/m51-clav#c150.20.203"
    },
    {
        "codigo": "150.20.404",
        "tipoRel": "http://jcr.di.uminho.pt/m51-clav#eCruzadoCom",
        "titulo": "Prestação de contas",
        "id": "http://jcr.di.uminho.pt/m51-clav#c150.20.404"
    },
    {
        "codigo": "150.20.501",
        "tipoRel": "http://jcr.di.uminho.pt/m51-clav#eCruzadoCom",
        "titulo": "Análise e melhoria de serviços",
        "id": "http://jcr.di.uminho.pt/m51-clav#c150.20.501"
    },
    {
        "codigo": "450.20.503",
        "tipoRel": "http://jcr.di.uminho.pt/m51-clav#eCruzadoCom",
        "titulo": "Inventariação de património cultural",
        "id": "http://jcr.di.uminho.pt/m51-clav#c450.20.503"
    },
    {
        "codigo": "450.20.504",
        "tipoRel": "http://jcr.di.uminho.pt/m51-clav#eCruzadoCom",
        "titulo": "Estabelecimento de reservas arqueológicas de proteção",
        "id": "http://jcr.di.uminho.pt/m51-clav#c450.20.504"
    },
    {
        "codigo": "250.20.801",
        "tipoRel": "http://jcr.di.uminho.pt/m51-clav#eSinteseDe",
        "titulo": "Harmonização e validação de avaliações de desempenho",
        "id": "http://jcr.di.uminho.pt/m51-clav#c250.20.801"
    },
    {
        "codigo": "250.20.802",
        "tipoRel": "http://jcr.di.uminho.pt/m51-clav#eSinteseDe",
        "titulo": "Apreciação das propostas de avaliação de desempenho",
        "id": "http://jcr.di.uminho.pt/m51-clav#c250.20.802"
    },
    {
        "codigo": "250.30.600",
        "tipoRel": "http://jcr.di.uminho.pt/m51-clav#eSinteseDe",
        "titulo": "Prevenção e resolução de conflitos laborais",
        "id": "http://jcr.di.uminho.pt/m51-clav#c250.30.600"
    }
]