<?xml version="1.0" encoding="UTF-8"?>
<!DOCTYPE manifesto SYSTEM "file:/home/joao/Desktop/Web/manifesto/mani.dtd">
<manifesto>
  <meta>
    <id>
      WEB2018-TP2-a79073
    </id>
    <titulo>
      Manifesto para o recurso de DWEB
    </titulo>
    <dataf>
      30-1-2019
    </dataf>
    <supervisor>
      <nome>
        José Carlos Ramalho
      </nome>
      <email>
        jcr@di.uminho.pt
      </email>
      <website>
        http://www4.di.uminho.pt/~jcr/
      </website>
    </supervisor>
  </meta>
  
  <equipa>
    <membro>
      <nome>João Pedro Carvalho</nome>
      <email>a79073@alunos.uminho.pt</email>
      <id>a79073</id>
      <website>https://github.com/JCarvalho29/AppWeb18</website>
    </membro>
  </equipa>
  
  <resumo>
    <para>Inicialmente para este teste era necessário construir uma API sobre uns dados fornecidos. Estes dados pareciam estar corretos, mas para confirmação foram passados por um JSON formatter. Depois de uma rápida análise carreguei os dados presentes no ficheiro prize.json para uma base de dados em MongoDB. A base de dados tem o nome "teste", com a colecção nobel. Para fazer este carregamento foi usado o comando "mongoimport -h localhost:27017 -d teste -c nobel --file ../prize.json --jsonArray", que carrega o ficheiro prize.json para a base de dados que esta alucada na pasta nobel. Para construir esta API apenas foi necessário mapear os pedidos que o professor pretendia para o controller da API (mapeamento quase direto). A única ponto importante desta fase é que o Schema inicial iria precisar de um outro Schema, visto que havia um campo nos dados que era um array de objectos aninhado. Finalmente apenas faltava fazer o router que iria tratar dos pedidos e pedir a informação correta. Mais uma vez era quase tudo direto, mas é preciso tomar atenção à ordem com que os pedidos sao pedidos (primeiro os que requerem mais parametro seguido dos que requerem menos). Também separei o pedido que precisava de um id (/:id) para ter a certeza que este não absorvia os outros pedidos.
    A segunda parte deste teste continha 2 perguntas: Uma para nos habituarmos à API disponibilizada pelo CLAV e outra para construirmos uma aplicação sobre a API do mesmo.
    A primeira pergunta foi respondida, sendo que as respostas se encontram no ficheiro /CLAV/RESPOSTAS_CLAV.txt, juntamente com os ficheiros ex[nº alinea].json que comtêm o conteúdo json das respotas obtidas com os pedidos feitos à API. Foram usadas como ferramentas de apoio o Postman (para fazer os pedidos a API) e o Visual Studio Code (para fazer as contagens de processos sempre que era pedido).
    A segunda parte consistia em fazer uma aplicação sobre a API fornecida pelo CLAV. A única forma que distingue esta aplicação de uma aplicação "normal" é que em vez de ir buscar os dados a uma base de dados como MongoDB ou a um ficheiro JSON tem que os ir buscar a uma API remota. Para conseguir este efeito foi usado o axios, visto que este consegue lançar os pedidos à API, usando um url anteriormente construido para ir buscar a informação correta a ser mostrada no momento.</para>
  </resumo>
  
  <resultados>
    <resultado url="manifesto-teste.xml">XML do manifesto relativo ao teste</resultado>
    <resultado url="prize.json">prize.json</resultado>
    <resultado url="/nobel/">Resolução da Primeira Pergunta</resultado>
    <resultado url="/CLAV/">Resolução da Segunda Pergunta</resultado>
    <resultado url="/CLAV/RESPOSTAS_CLAV.txt">Respostas às perguntas relacionadas com a API</resultado>
    <resultado url="/CLAV/ex1.json">Ficheiro json com os resultados obtidos na pergunta 1</resultado>
    <resultado url="/CLAV/ex2.json">Ficheiro json com os resultados obtidos na pergunta 2</resultado>
    <resultado url="/CLAV/ex3.json">Ficheiro json com os resultados obtidos na pergunta 3</resultado>
    <resultado url="/CLAV/ex4.json">Ficheiro json com os resultados obtidos na pergunta 4</resultado>
    <resultado url="/CLAV/CLAV/">Aplicação construida sobre a API do CLAV</resultado>
  </resultados>
</manifesto>