<?xml version="1.0" encoding="UTF-8"?>
<!DOCTYPE manifesto SYSTEM "file:/home/joao/Desktop/Web/manifesto/mani.dtd">
<manifesto>
  <meta>
    <id>
      WEB2018-TP6-a79073
    </id>
    <titulo>
      Manifesto para o TP6 da UC Desenvolvimento Aplicações WEB 2018
    </titulo>
    <dataf>
      29-10-2018
    </dataf>
    <supervisor>
      <nome>
        José Carlos Ramalho
      </nome>
      <email>
        jcr@di.uminho.pt
      </email>
      <website>
        http://www4.di.uminho.pt/~jcr/
      </website>
    </supervisor>
  </meta>
  
  <equipa>
    <membro>
      <nome>João Pedro Carvalho</nome>
      <email>a79073@alunos.uminho.pt</email>
      <id>a79073</id>
      <website>https://github.com/JCarvalho29/AppWeb18</website>
    </membro>
  </equipa>
  
  <resumo>
    <para>Para este trabalho prático era pedido que fizessemos um servidor web que conseguisse gerir tarefas. Para tal era necessário fazer um servidor nodejs que conseguisse receber informação da página web e guardasse numa estrutura de dados. De forma a simplificar este passo usei um ficheiro json com um array de tarefas. Neste trabalho tivemos que usar um novo método para submeter a informação para o sevidor, visto que o método "GET" envia a informação através do link e é visivel e modificável neste. Com este novo método, "POST", a informação é enviada no body. Para conseguir receber e utilizar a informção que vai no body usamos uma função que foi exposta na aula (ercuperaInfo) que na callback devolve o resultado recebido em JSON, o que facilita o processamento. Também é importante referir que usamos uma biblioteca jsonfile que facilita o parse de ficheiros JSON. O WebSite apresenta a seguinte estrutura: a página inicial apresenta já uma lista de todas as tarefas com a opção de adicionar uma tarefa, apagar tarefas existentes e visualizar tarefas que já foram apagadas. Para adicionar uma tarefa o utilizador tem que submeter um form ao servidor e depois é redirecionado para uma outra página onde lhe é apresentada a informação que submteu ao servidor. Se de sejar apagar uma tarefa, a página é atualizada e mostra a vista principal com a nova lista (a tarefa não é realmente apagada, esta apenas tem uma flag que diz se é visivel ou não). Se pretender ver a lista de tarefas apagadas apenas é processada uma nova lista com as tarefas que foram apagadas.</para>
  </resumo>
  
  <resultados>
    <resultado url="manifesto-tp6.xml">XML do manifesto relativo ao trabaçho prático 6</resultado>
    <resultado url="index.pug">Ficheiro pug relativo ao indice</resultado>
    <resultado url="layout.pug">Ficheiro pug relativo ao layout</resultado>
    <resultado url="erro.pug">Ficheiro pug relativo à página de erro</resultado>
    <resultado url="form-tarefa.pug">Ficheiro pug relativo ao form de submissão de tarefas</resultado>
    <resultado url="tarefa-recebido.pug">Ficheiro pug relativo à página de confirmação de chegada do pedido</resultado>
    <resultado url="tarefas-apagadas.pug">Ficheiro pug relativo à lista de tarefas apagadas</resultado>
    <resultado url="server-tarefas.js">Ficheiro nodejs do servidor</resultado>
  </resultados>
</manifesto>