[{"tarefa":"Teste TC","descricao":"Prova de avaliação a Tecnologia de Segurança","tipo":"Teste","inicio":"2018-10-29","prazo":"2018-10-29","apagado":1,"id":0},{"tarefa":"Fazer trabalho prático de DAW","descricao":"Fazer um website que faça a gestão de tarefas","tipo":"TPC","inicio":"2018-10-30","prazo":"2018-10-23","apagado":"0","id":1},{"tarefa":"Fazer trabalho de GR","descricao":"Acabar o Servidor nodejs para o trabalho de gestão de redes","tipo":"Trabalho Semestral","inicio":"2018-10-20","prazo":"2018-12-17","apagado":"0","id":2}]
