
            
            {
            
                 "id": " Santa Iria ",
                   "desc": "
			 Povoado fortificado
		",
                   "lugar": " Monte de Santa Iria", 
                   "freguesia": " Verim ",
                    "conselho": " Póvoa de Lanhoso " ,
                   "acesso": "",
                   "quadro": "O Monte de Santa Iria é uma pequena elevação que se desenvolve num comprido
e estreito esporão, paralelo ao rio Cávado. O monte localiza-se a cerca de
1Km a Norte da igreja de Verim." ,
                   "descarq": "Apesar da baixa altitude do cabeço, as suas vertentes são abruptas, pelo que
o povoado possui boas defesas naturais. Na parte mais alta do monte,
circundando um tabuleiro razoavelmente plano, existem vestígios de um talude
defensivo. Aparentemente o povoado possuiria apenas uma plataforma,
enquadrando-se, deste modo, no conjunto de povoados de baixa altitude. Na
supefície do cabeço recolhem-se fragmentos de  cerâmica indígena de fabrico micáceo. O sítio encontra-se bastante destruído. " 
            }
            
            
        