
            
            {
            
                 "id": " Castro de Escariz; Santo Isidoro; Santos Ilus ",
                   "desc": "
			 Povoado fortificado
		",
                   "lugar": " Castro de Escariz ", 
                   "freguesia": " Escariz-S. Mamede ",
                    "conselho": " Vila Verde " ,
                   "acesso": "O acesso a este povoado faz-se a partir de Escariz.",
                   "quadro": "O monte onde assenta o  castro ocupa o extremo
norte de uma estreita crista montanhosa, que se desenvolve no sentido
Norte/Sul, entre S. Martinho de Escariz e Parada de Gatim, paralela ao rio
Neiva, tendo como ponto mais alto o lugar de Barrosas, com 248m de
altitude." ,
                   "descarq": "O povoado possui três plataformas e três linhas de muralhas. À superfície
recolhem-se fragmentos de  cerâmica
micácea e  tégulas, sendo visíveis restos
de construções habitacionais. Na Casa do Povo de Escariz existe uma mó
proveniente do  castro. No Museu Pio XII, em
Braga está guardada uma pedra decorada proveniente deste mesmo sítio,
inventariada com o nº 22. A pedra ostenta, numa das faces, dois cordões
paralelos." 
            }
            
            
        