
            
            {
            
                 "id": " Chã do Fojo; Lage Branca ",
                   "desc": " Necrópole megalítica ",
                   "lugar": " Alto de Pebrigue ", 
                   "freguesia": " Gontim",
                    "conselho": " Fafe " ,
                   "acesso": "Faz-se pela estrada que sai de Luilhas, em direcção a Vieira do Minho.",
                   "quadro": "Os monumentos localizam-se num planalto que domina Luilhas, próximo do Fojo
de Luilhas." ,
                   "descarq": "Duas  mamoas muito erodidas, já sem esteios, que
deveria pertencer a uma necrópole megalítica que se estendia pelo planalto." 
            }
            
            
        