
            
            {
            
                 "id": " Monte de Fornos ",
                   "desc": " Necrópole megalítica ",
                   "lugar": " Monte de Fornos ", 
                   "freguesia": " Medelo ",
                    "conselho": " Fafe " ,
                   "acesso": "Faz-se a partir do Monte das Antas, por caminho florestal. ",
                   "quadro": "" ,
                   "descarq": "Conjunto de dez  mamoas, pertencentes a uma  necrópole megalítica. " 
            }
            
            
        