
            
            {
            
                 "id": " Monte das Antas ",
                   "desc": "
			 Necrópole megalítica ",
                   "lugar": " Monte das Antas", 
                   "freguesia": " Medelo ",
                    "conselho": " Fafe " ,
                   "acesso": "Faz-se a partir da E.N. 311, seguida pela E.M. 614 que atravessa o Monte das
Antas, entre Largateira e Corujeira. ",
                   "quadro": "Os monumentos situam-se numa vertente suave com plataformas, sobranceira à
bacia hidrográfica do rio Vizela." ,
                   "descarq": "Duas  mamoas no lugar da Corujeira, junto à E. M.
614. Uma delas encontra-se destruída, estando a outra ainda intacta, não
apresentando quaisquer vestígios de violação da câmara. Trata-se de um
monumento de razoáveis dimensões com 8m de diâmetro por cerca de 2m de
altura.
No lugar de Sargaça, já no Monte Formigueiro, a Norte, existe uma outra
 mamoa semi-destruída. " 
            }
            
            
        