
            
            {
            
                 "id": " Penedos Pintos; Laje Branca ",
                   "desc": " Necrópole megalítica ",
                   "lugar": " Lagoa ", 
                   "freguesia": " Aboim ",
                    "conselho": " Fafe " ,
                   "acesso": "Faz-se a partir da E.M. 614. Em Lagoa toma-se o Estradão Novo que segue para
Gontim e sobe-se para o planalto por caminho de pé posto. ",
                   "quadro": "" ,
                   "descarq": "Conjunto de três monumentos megalíticos, dois deles muito destruídos. O
melhor conservado tem cerca de 15m de diâmetro, por 2m de altura,
apresentando ainda sinais de violação da câmara funerária. " 
            }
            
            
        