
            
            {
            
                 "id": " Monte de Santa Marinha ",
                   "desc": " Monumento megalítico",
                   "lugar": " Santa Marinha ", 
                   "freguesia": " Travassós ",
                    "conselho": " Fafe " ,
                   "acesso": "Entre Castanheira e Santa Marinha, a seguir ao lugar dos Poços Salgueiros,
1Km a leste, por caminho carreteiro que atravessa o planalto. ",
                   "quadro": "Extensa chã planáltica do Monte de Santa Marinha, integrada na bacia
hidrográfica do rio Ave." ,
                   "descarq": "
			 Mamoa de grandes dimensões, com cerca de 20 a
25m de diâmetro, certamente pertencente à mesma necrópole a que pertenciam os monumentos de Poços Salgueiros." 
            }
            
            
        