
            
            {
            
                 "id": " Castro de Caldelas; Monte das Caldas; Outeiro de S. Sebastião",
                   "desc": "
			 Povoado fortificado
		",
                   "lugar": " S. Sebastião ", 
                   "freguesia": " Caldelas ",
                    "conselho": " Amares " ,
                   "acesso": " O acesso faz-se a partir de Caldelas, por caminho
carreteiro.",
                   "quadro": "O povoado assenta num pequeno outeiro, bem destacado no vale do rio Homem. O
monte encontra-se densamente arborizado. " ,
                   "descarq": " A cobertura vegetal do cabeço não deixa perceber quaisquer
estruturas à superfície. Todavia é possível identificar algum material de
derrube, nos locais onde passariam as muralhas. Desconhece-se se o povoado
terá sido romanizado. " 
            }
            
            
        