
            
            {
            
                 "id": "Monte de Sequeiros ",
                   "desc": "
			 Povoado fortificado
		",
                   "lugar": " Monte de Sequeiros ", 
                   "freguesia": " Sequeiros ",
                    "conselho": " Amares " ,
                   "acesso": "O acesso faz-se por caminho de pé posto, a partir do lugar do Paço, da
freguesia de Sequeiros.",
                   "quadro": "O monte de Sequeiros corresponde a um pequeno esporão da vertente NO da
serra da Abadia, já praticamente sobranceiro ao rio Homem." ,
                   "descarq": "A densa cobertura vegetal que cobre o monte dificulta a observação de
estruturas, ou a detecção de cerâmica. No entanto, a toponímia, a tradição
lendária e a notícia do aparecimento, há alguns anos, de vasos, aliados à
localização e condições topográficas do sítio, são indicativos da existência
de um  castro." 
            }
            
            
        