
            
            {
            
                 "id": " Ponte de Varziela ",
                   "desc": " Ponte ",
                   "lugar": " Varziela ", 
                   "freguesia": " Castro Laboreiro ",
                    "conselho": " Melgaço " ,
                   "acesso": "Junto à "inverneira" de Varziela, cerca de 1,5 kms para nascente de Castro
Laboreiro. O acesso faz-se a partir do lugar seguindo o caminho antigo em
direcção a  castro Laboreiro. A Varziela
chega-se pela estrada municipal que prolonga a EN.202-3 até à fronteira da
Ameixoeira. O monumento não está sinalizado.",
                   "quadro": "" ,
                   "descarq": "Ponte sobre o rio da Varziela, de um arcode volta
perfeita alicerçado na rocha granítica que aflora nas margens, através de
paramentos de  aparelho rude em mamposteria de
calhaus e blocos graníticos mal afeiçoados. O aro do arco, que cobre um triedrode cerca de 6 metros de comprimento e quase
5,5 metros de altura, apresenta um  aparelho
mais cuidado, observando-se no intradorso os orifícios para encaixe do
cimbre. O tabuleiro, em cavalete muito pouco pronunciado, é lajeado e
guarnecido por guardas pétreas, tem de largura menos de 3 metros e vence
um triedrototal superior a 8 metros.
Encontra-se razoavelmente conservada, embora apresente excesso de vegetação
arbustiva nos paramentos." 
            }
            
            
        