
            
            {
            
                 "id": " Monte de Lousado ",
                   "desc": "
			 Povoado fortificado 
		",
                   "lugar": " Monte do Lousado", 
                   "freguesia": " Alheira ",
                    "conselho": " Barcelos " ,
                   "acesso": "O acesso pode fazer-se a partir de Alheira.",
                   "quadro": "O Monte de Lousado situa-se nos limites das freguesias de Alheira e de
Panque, ambas do concelho de Barcelos. Corresponde ao extremo NE de uma
pequena crista montanhosa, que se dispõe no sentido NE/SO, paralela ao rio
Neiva. A parte alta desta crista separa as bacias dos rios Cávado e Neiva." ,
                   "descarq": "O povoado é conhecido e referido na bibliografia, pelo menos, a partir do
século XVIII. É citado por Contador de Argote e por L. Cardoso, no
"Dicionário Geográfico". Apesar dessas referências e da monumentalidade dos
seus vestígios nunca foi objecto de trabalhos arqueológicos. A maioria dos
vestígios concentra-se na parte mais alta do monte: aí são visíveis restos
de muralhas e alicerces de construções habitacionais. Na superfície do
povoado recolhem-se fragmentos de  cerâmica
indígena de fabrico  micáceo e de
cerâmica romana." 
            }
            
            
        