
            
            {
            
                 "id": " Viade de Baixo ",
                   "desc": " Igreja;  Necrópole
		",
                   "lugar": " Viade de Baixo ", 
                   "freguesia": " Viade de Baixo ",
                    "conselho": " Montalegre " ,
                   "acesso": "O acesso faz-se pela estrada municipal alcatroada que liga a povoação
directamente à estrada EN 103, à direita na direcção Montalegre - Braga. O
monumento não está sinalizado.",
                   "quadro": "" ,
                   "descarq": "Edifício de arquitectura românica tardia, com troços de paredes originais de
 aparelho isódono, superiormente
rematadas com  modilhões lisos. Portal
setentrional de arcoe arquivolta lisas, de volta perfeita. Nartex acrescentado tardiamente,
abrigando várias sepulturas modernas. Em torno da igreja, no interior do
adro murado, vêem-se ainda coberturas de outras sepulturas modernas, algumas
com decoração simples nas tampas." 
            }
            
            
        