<?xml version="1.0" encoding="UTF-8"?>
<!DOCTYPE manifesto SYSTEM "file:/home/joao/Desktop/Web/TP4/mani.dtd">
<manifesto>
  <meta>
    <id>
      WEB2018-TP2-a77278
    </id>
    <titulo>
      Manifesto para o TPC4 da UC Desenvolvimento Aplicações WEB 2018
    </titulo>
    <dataf>
      15-10-2018
    </dataf>
    <supervisor>
      <nome>
        José Carlos Ramalho
      </nome>
      <email>
        jcr@di.uminho.pt
      </email>
      <website>
        http://www4.di.uminho.pt/~jcr/
      </website>
    </supervisor>
  </meta>
  
  <equipa>
    <membro>
      <nome>João Pedro Carvalho</nome>
      <email>a79073@alunos.uminho.pt</email>
      <id>a79073</id>
    </membro>
  </equipa>
  
  <resumo>
    <para>Neste trabalho prático era-nos pedido que alterassemos a StyleSheet relativa ao ficheiro xml sobre os Arqueositios do NW Português de forma a podermos criar um servidor com o nodejs que nos servisse as páginas html certas quando essas fossem pedidas. Comecei por alterar os links criados na StyleSheet, sendo que na referência da página index.html apenas retirei a extenção .html, e na geração das referências das páginas individuais retirei a mesma extenção e substitui o nome da pasta "website" pela abreviatura deste projecto "arqelem". Desta forma nem o nome da pasta nem a extenção html iriam aparecer no URL final. No Servidor utilizei o exemplo feito na aula apenas acrescentando o módulo url, que me permite manipular o url do pedido feito numa página. Por exemplo num pedido com o url : http://localhost:4004/arqelem/d1e264 será feita uma divisão usando o método split("/") aplicado a uma variável que contém o URL (/arqelem/d1e264). Após isso é criado um link "real" que aponta para o ficehiro certo (website/d1e264.html).</para>
  </resumo>
  
  <resultados>
    <resultado url="manifesto-tp4.xml">XML do manifesto relativo ao trabaçho prático 4</resultado>
  </resultados>
</manifesto>