<?xml version="1.0" encoding="UTF-8"?>
<!DOCTYPE manifesto SYSTEM "file:/home/joao/Desktop/Web/manifesto/mani.dtd">
<manifesto>
  <meta>
    <id>
      WEB2018-TP2-a77278
    </id>
    <titulo>
      Manifesto para o TP5 da UC Desenvolvimento Aplicações WEB 2018
    </titulo>
    <dataf>
      22-10-2018
    </dataf>
    <supervisor>
      <nome>
        José Carlos Ramalho
      </nome>
      <email>
        jcr@di.uminho.pt
      </email>
      <website>
        http://www4.di.uminho.pt/~jcr/
      </website>
    </supervisor>
  </meta>
  
  <equipa>
    <membro>
      <nome>João Pedro Carvalho</nome>
      <email>a79073@alunos.uminho.pt</email>
      <id>a79073</id>
      <website>https://github.com/JCarvalho29/AppWeb18</website>
    </membro>
  </equipa>
  
  <resumo>
    <para>Este trabalho prático pedia que criássemos um servidor que servisse páginas web com a informação contida nos ficheiros json fornecidos pelo professor. Estes ficheiros continham informações sobre músicas tais como título, tipo, compositor e instrumentos necessários. Também são disponibilizadas informações especificas para os músicos que tocam determinados instrumentos. Como primeira tarefa decidi criar um indice.json através de um programa escrito em AWK. Uma vez criado o indice criei os ficheiros .pug inspirando-me nos ficheiros feitos na aula, apenas criando mais uma tabela no template.pug, corrigindo o link para o w3.css no layout.pug e criando um ficheiro pug para uma página de erro simples. Tendo acabado de formatar os ficheiros pug, apenas faltava criar um servidor. Mais uma vez apenas era necessário adaptar o servidor em nodejs feito na aula e criar uma "escapatória" para a página de erros.</para>
  </resumo>
  
  <resultados>
    <resultado url="manifesto-tp5.xml">XML do manifesto relativo ao trabaçho prático 5</resultado>
    <resultado url="index.pug">Ficheiro pug relativo ao indice</resultado>
    <resultado url="layout.pug">Ficheiro pug relativo ao layout</resultado>
    <resultado url="template.pug">Ficheiro pug relativo ao template</resultado>
    <resultado url="pagenotfound.pug">Ficheiro pug relativo à página de erro</resultado>
    <resultado url="server.js">Ficheiro js do servidor</resultado>
  </resultados>
</manifesto>